{
  "tasks": [
    {
      "id": 1,
      "title": "Implement RequestContext Pydantic Model",
      "description": "Create or update the RequestContext Pydantic model with user_id, trace_id (as UUID), timestamp_utc, and feature_flags",
      "details": "Create/update the RequestContext model in forest_app/core/models.py:\n\n```python\nfrom pydantic import BaseModel, Field\nfrom uuid import UUID, uuid4\nfrom datetime import datetime, timezone\nfrom typing import Dict\n\nclass RequestContext(BaseModel):\n    user_id: UUID\n    trace_id: UUID = Field(default_factory=uuid4)  # Standardize to UUID\n    timestamp_utc: datetime = Field(default_factory=lambda: datetime.now(timezone.utc))  # Explicitly UTC\n    feature_flags: Dict[str, bool] = {}\n```\n\nAlso implement a FastAPI dependency function (get_request_context) that correctly populates:\n- user_id from authenticated user\n- trace_id (new UUID)\n- timestamp_utc (current UTC time)\n- feature_flags (from settings.py)\n\nTest the model to ensure all fields are correctly populated when the dependency is used.",
      "testStrategy": "",
      "status": "pending",
      "dependencies": [],
      "priority": "high",
      "subtasks": []
    },
    {
      "id": 2,
      "title": "Implement LLM Service Abstraction Layer with Lightweight Metrics",
      "description": "Create a BaseLLMService interface with built-in lightweight metrics logging and implement a GoogleGeminiService concrete class for LLM interactions",
      "details": "Following the MCP-LLM Vision architectural approach from the PRD v3.16, with specific emphasis on the MVP Polish - Dev/UX: (Lightweight Metrics from Day 1) requirement:\n\n1. Create BaseLLMService abstract base class/interface in forest_app/integrations/llm_service.py:\n   - Define standard methods: generate_text, generate_json_object\n   - Include retry logic, error handling, and timeout management\n   - Add logging with trace_id from RequestContext\n   - Implement lightweight metrics logging for ALL LLM calls from Day 1:\n     - Log timing information (start time, end time, duration)\n     - Log estimated input token count for each call\n     - Log estimated output token count for each call\n     - Add structured logging format for easy metrics extraction\n\n2. Implement GoogleGeminiService concrete class:\n   - Implement BaseLLMService interface with all metrics requirements\n   - Configure via settings.py/env vars\n   - Connect to Google Gemini API using google.generativeai\n   - Handle proper prompt formatting for Gemini\n   - Implement token counting utilities specific to Gemini models\n\n3. Create MetricsLogger utility class in forest_app/utils/metrics_logger.py:\n   - Implement token count estimation functions\n   - Create structured log format for metrics\n   - Support different log levels for metrics vs. errors\n   - Enable future extraction of metrics for analysis\n\n4. Refactor existing LLMClient to use BaseLLMService:\n   - Inject BaseLLMService dependency\n   - Centralize prompt management\n   - Forward calls to the concrete service implementation\n   - Ensure all metrics are properly propagated\n\n5. Update config in settings.py for LLM service selection, metrics settings:\n   - Configure logging levels for metrics\n   - Set up token count buffer settings (e.g., add 10% buffer to estimates)\n   - Enable/disable detailed metrics via feature flags\n\nThis abstraction layer will provide immediate visibility into LLM usage patterns and performance metrics from the very first day of development, supporting monitoring and optimization without requiring complex Prometheus infrastructure.",
      "testStrategy": "",
      "status": "pending",
      "dependencies": [],
      "priority": "high",
      "subtasks": []
    },
    {
      "id": 3,
      "title": "Define RoadmapManifest and RoadmapStep Pydantic Models",
      "description": "Create Pydantic models for RoadmapManifest and RoadmapStep to serve as the single source of truth for the plan",
      "details": "Implement the core Pydantic models for the Manifest-HTA architecture in forest_app/core/roadmap_models.py:\n\n```python\nfrom pydantic import BaseModel, Field\nfrom typing import List, Dict, Any, Literal, Optional\nfrom uuid import UUID, uuid4\nfrom datetime import datetime\n\nclass RoadmapStep(BaseModel):\n    id: UUID = Field(default_factory=uuid4)\n    title: str\n    description: str\n    dependencies: List[UUID] = []  # IDs of other RoadmapSteps in this manifest\n    priority: Literal[\"high\", \"medium\", \"low\"] = \"medium\"\n    status: Literal[\"pending\", \"in_progress\", \"completed\", \"deferred\", \"cancelled\"] = \"pending\"  # Mirrored from/to HTANode\n    hta_metadata: Dict[str, Any] = {}  # e.g., {\"is_major_phase\": true/false}\n    # Additional fields for tracking and versioning\n    created_at: Optional[datetime] = None\n    updated_at: Optional[datetime] = None\n\nclass RoadmapManifest(BaseModel):\n    tree_id: UUID  # Corresponds to HTATreeModel.id\n    user_goal: str  # Original user goal statement\n    original_context: str  # Original user context\n    steps: List[RoadmapStep] = []\n    version: int = 1  # For schema evolution of the manifest itself\n    created_at: Optional[datetime] = None\n    updated_at: Optional[datetime] = None\n```\n\nAlso implement utility functions for:\n1. Validating manifest structure\n2. Checking for circular dependencies\n3. Performing topological sort on steps based on dependencies\n4. Generating detailed error reporting for circular dependencies that identifies specific steps involved\n\nThese models form the foundation of the Manifest-HTA architecture and will drive the HTA tree generation and evolution.",
      "testStrategy": "",
      "status": "pending",
      "dependencies": [],
      "priority": "high",
      "subtasks": []
    },
    {
      "id": 4,
      "title": "Implement SQLAlchemy Models with Proper Indexing",
      "description": "Create or update SQLAlchemy models for HTATreeModel, HTANodeModel, and MemorySnapshotModel with proper relationships and indexes",
      "details": "Implement the following SQLAlchemy models in forest_app/persistence/models.py according to the updated PRD:\n\n1. HTATreeModel:\n```python\nclass HTATreeModel(Base):\n    __tablename__ = \"hta_trees\"\n    \n    id: Mapped[uuid.UUID] = mapped_column(primary_key=True, default=uuid.uuid4)\n    user_id: Mapped[uuid.UUID] = mapped_column(ForeignKey(\"users.id\"))\n    goal_name: Mapped[str] = mapped_column(String(255))\n    initial_context: Mapped[Optional[str]] = mapped_column(Text, nullable=True)\n    top_node_id: Mapped[Optional[uuid.UUID]] = mapped_column(ForeignKey(\"hta_nodes.id\"), nullable=True)\n    initial_roadmap_depth: Mapped[Optional[int]] = mapped_column(nullable=True)\n    initial_task_count: Mapped[Optional[int]] = mapped_column(nullable=True)\n    manifest: Mapped[Optional[dict]] = mapped_column(JSONB, nullable=True)  # Stores RoadmapManifest.dict()\n    created_at: Mapped[datetime] = mapped_column(DateTime(timezone=True), server_default=func.now())\n    updated_at: Mapped[datetime] = mapped_column(DateTime(timezone=True), server_default=func.now(), onupdate=func.now())\n    \n    # Relationships\n    top_node = relationship(\"HTANodeModel\", foreign_keys=[top_node_id], back_populates=\"tree_as_top\")\n    nodes = relationship(\"HTANodeModel\", back_populates=\"tree\", foreign_keys=\"HTANodeModel.tree_id\")\n    user = relationship(\"UserModel\", back_populates=\"trees\")\n```\n\n2. HTANodeModel:\n```python\nclass HTANodeModel(Base):\n    __tablename__ = \"hta_nodes\"\n    \n    id: Mapped[uuid.UUID] = mapped_column(primary_key=True, default=uuid.uuid4)\n    user_id: Mapped[uuid.UUID] = mapped_column(ForeignKey(\"users.id\"))\n    parent_id: Mapped[Optional[uuid.UUID]] = mapped_column(ForeignKey(\"hta_nodes.id\"), nullable=True)\n    tree_id: Mapped[uuid.UUID] = mapped_column(ForeignKey(\"hta_trees.id\"))\n    title: Mapped[str] = mapped_column(String(255))\n    description: Mapped[Optional[str]] = mapped_column(Text, nullable=True)\n    is_leaf: Mapped[bool] = mapped_column(Boolean, default=True)\n    status: Mapped[str] = mapped_column(Enum(\"pending\", \"in_progress\", \"completed\", name=\"hta_status_enum\"), default=\"pending\")\n    roadmap_step_id: Mapped[Optional[uuid.UUID]] = mapped_column(UUID, nullable=True, index=True)  # Links to RoadmapStep.id in manifest\n    internal_task_details: Mapped[Optional[dict]] = mapped_column(JSONB, nullable=True, default=lambda: {})\n    journey_summary: Mapped[Optional[dict]] = mapped_column(JSONB, nullable=True, default=lambda: {})\n    branch_triggers: Mapped[Optional[dict]] = mapped_column(JSONB, nullable=True, default=lambda: {\n        \"expand_now\": False,\n        \"completion_count_for_expansion_trigger\": 3,\n        \"current_completion_count\": 0\n    })\n    is_major_phase: Mapped[bool] = mapped_column(Boolean, default=False, index=True)\n    created_at: Mapped[datetime] = mapped_column(DateTime(timezone=True), server_default=func.now())\n    updated_at: Mapped[datetime] = mapped_column(DateTime(timezone=True), server_default=func.now(), onupdate=func.now())\n    \n    # Relationships\n    tree = relationship(\"HTATreeModel\", back_populates=\"nodes\", foreign_keys=[tree_id])\n    tree_as_top = relationship(\"HTATreeModel\", back_populates=\"top_node\", foreign_keys=\"HTATreeModel.top_node_id\")\n    parent = relationship(\"HTANodeModel\", remote_side=[id], backref=backref(\"children\", lazy=\"select\"))\n    user = relationship(\"UserModel\", back_populates=\"hta_nodes\")\n    \n    # Indexes as specified in PRD 3.2.3\n    __table_args__ = (\n        Index(\"ix_hta_nodes_tree_id_status\", tree_id, status),\n        Index(\"ix_hta_nodes_tree_id_is_major_phase_status\", tree_id, is_major_phase, status),\n        Index(\"ix_hta_nodes_parent_id_status\", parent_id, status),\n    )\n```\n\n3. MemorySnapshotModel:\n```python\nclass MemorySnapshotModel(Base):\n    __tablename__ = \"memory_snapshots\"\n    \n    id: Mapped[uuid.UUID] = mapped_column(primary_key=True, default=uuid.uuid4)\n    user_id: Mapped[uuid.UUID] = mapped_column(ForeignKey(\"users.id\"))\n    created_at: Mapped[datetime] = mapped_column(DateTime(timezone=True), server_default=func.now())\n    snapshot_data: Mapped[Optional[dict]] = mapped_column(JSONB, nullable=True, default=lambda: {\n        \"recent_tasks_log\": [],\n        \"general_reflections\": [],\n        \"feature_flags_active\": {}\n    })\n    \n    # Relationships\n    user = relationship(\"UserModel\", back_populates=\"memory_snapshots\")\n```\n\n4. Add GIN index to HTATreeModel.manifest for efficient querying:\n```python\n# Add to HTATreeModel.__table_args__\nIndex(\"ix_hta_trees_manifest_gin\", manifest, postgresql_using=\"gin\"),\n```\n\nThese models provide the database structure for the Manifest-HTA architecture with proper relationships and indexes for efficient querying.",
      "testStrategy": "",
      "status": "pending",
      "dependencies": [],
      "priority": "high",
      "subtasks": []
    },
    {
      "id": 5,
      "title": "Implement Critical UserModel.id Migration",
      "description": "Migrate UserModel.id from INT to UUID with proper testing and rollback strategy",
      "details": "Per the PRD's high-priority risk mitigation for data model consistency:\n\n1. Create migration script for UserModel.id conversion:\n   - Change the column type from INT to UUID\n   - Generate UUID values for existing users\n   - Update all foreign key references in related tables\n   - Ensure data integrity during migration\n\n2. Implement automated tests that specifically verify:\n   - User creation with UUID IDs\n   - User retrieval by UUID\n   - Foreign key relationships after migration (trees, nodes, snapshots)\n   - API endpoints correctly handle UUID user IDs\n\n3. Document a comprehensive rollback strategy:\n   - Create a manual or scripted rollback procedure\n   - Test the rollback in staging environment\n   - Document specific steps for reverting schema and code changes\n   - Include data recovery procedures\n\n4. Update all code references to UserModel.id:\n   - Ensure all queries use UUID type\n   - Update API payloads and serialization\n   - Fix any type errors in the codebase\n\nThis is identified as a high-risk, high-priority item that must be completed early in the development cycle.",
      "testStrategy": "",
      "status": "pending",
      "dependencies": [
        4
      ],
      "priority": "high",
      "subtasks": []
    },
    {
      "id": 6,
      "title": "Setup Alembic Migrations with Proper Indexing Strategy",
      "description": "Configure Alembic and create migration scripts for all models with the specialized indexes specified in the PRD",
      "details": "Set up Alembic for database migrations with proper indexing:\n\n1. Configure Alembic in the project:\n   - Initialize Alembic if not already set up\n   - Configure connection to the database\n   - Set up Alembic to work with SQLAlchemy models\n\n2. Create initial migration scripts for all models:\n   - HTATreeModel with GIN index on manifest JSONB\n   - HTANodeModel with B-Tree indexes on (tree_id, status), (tree_id, is_major_phase, status), (parent_id, status)\n   - MemorySnapshotModel\n   - UserModel.id migration from INT to UUID\n\n3. Implement the B-Tree indexes as specified in PRD 3.2.3:\n   ```python\n   # For HTANodeModel\n   Index(\"ix_hta_nodes_tree_id_status\", tree_id, status),\n   Index(\"ix_hta_nodes_tree_id_is_major_phase_status\", tree_id, is_major_phase, status),\n   Index(\"ix_hta_nodes_parent_id_status\", parent_id, status),\n   ```\n\n4. Implement GIN index for JSONB querying:\n   ```python\n   # For HTATreeModel\n   Index(\"ix_hta_trees_manifest_gin\", manifest, postgresql_using=\"gin\"),\n   ```\n\n5. Create versioned migration scripts for each major schema change:\n   - Split complex migrations into smaller, safer steps\n   - Include comments in migration scripts explaining the purpose and potential impacts\n   - Include both upgrade and downgrade paths for each migration\n\n6. Test migrations on development database:\n   - Verify forward migrations work correctly\n   - Verify rollback functions as expected\n   - Check index performance with test data\n\nThe proper indexing strategy is critical for efficient querying, especially for phase completion detection and manifest queries.",
      "testStrategy": "",
      "status": "pending",
      "dependencies": [
        4,
        5
      ],
      "priority": "high",
      "subtasks": []
    },
    {
      "id": 7,
      "title": "Implement Circular Dependency Check with Detailed Error Reporting",
      "description": "Create robust circular dependency detection with clear, actionable error reporting that identifies specific steps involved in cycles as required by PRD v3.10",
      "details": "As specified in the PRD review v3.10 cycle refinement:\n\n1. Implement a circular dependency detection algorithm in forest_app/core/dependency_utils.py:\n   - Create a function to check for circular dependencies in RoadmapManifest steps\n   - Use a directed graph approach (e.g., with networkx or custom implementation)\n   - Detect all cycles in the dependency graph, not just the first one\n   - Return detailed information about each cycle found\n\n2. Implement clear error reporting for circular dependencies (critical PRD v3.10 requirement):\n   - Identify which specific RoadmapSteps are involved in each cycle (by title and ID)\n   - Format error messages that explicitly visualize the circular chain (e.g., \"'Setup Database' (ID: abc123) → 'Create Tables' (ID: def456) → 'Add Foreign Keys' (ID: ghi789) → 'Setup Database' (ID: abc123)\")\n   - Include step titles and IDs in the error message for immediate identification\n   - Ensure error messages are user-friendly and actionable, suggesting possible solutions\n\n3. Integrate with RoadmapParser:\n   - Apply circular dependency check during manifest parsing\n   - If cycles are found, raise a custom CircularDependencyError with detailed error information\n   - Handle exception gracefully in API endpoints with proper HTTP 422 error responses\n   - Log detailed error information with trace_id for debugging\n   - Include detailed cycle information in API error responses\n\n4. Create comprehensive unit tests:\n   - Test with various circular dependency patterns (simple and complex)\n   - Verify all steps in each cycle are correctly identified\n   - Test error message clarity and completeness\n   - Verify integration with RoadmapParser\n   - Test error handling in API endpoints\n\n5. Implement utility function for topological sorting:\n   - Ensure it works with the circular dependency check\n   - Return ordered list of steps respecting dependencies\n   - Return None or raise exception if circular dependencies exist\n   - Document the algorithm and its usage\n\nThis implementation directly addresses the PRD review v3.10 requirement for clear and actionable error reporting for circular dependencies, ensuring users receive precise information to resolve dependency issues.",
      "testStrategy": "",
      "status": "pending",
      "dependencies": [
        3
      ],
      "priority": "high",
      "subtasks": []
    },
    {
      "id": 8,
      "title": "Resolve Startup Issues and Configure Environment",
      "description": "Fix SECRET_KEY issues for local Uvicorn startup and ensure consistent Python version configuration across environments",
      "details": "As noted in the PRD, there are startup issues that need to be resolved:\n\n1. Fix SECRET_KEY issues for local Uvicorn startup:\n   - Implement proper SECRET_KEY handling in settings.py\n   - Add fallback to generate a secure key if not provided\n   - Document proper configuration in README.md\n   - Ensure secret key is correctly loaded from environment variables\n\n2. Ensure Python version consistency:\n   - Update runtime.txt to specify python-3.11.8\n   - Verify and update settings.py Python version references\n   - Update development setup documentation to specify Python 3.11.8\n   - Configure any deployment environments to use Python 3.11.8\n\n3. Set up proper environment variable handling:\n   - Create a comprehensive .env.example file with all required variables\n   - Implement validation to check for missing critical environment variables\n   - Add helpful error messages for misconfigured environments\n   - Document environment variable requirements\n\n4. Test application startup:\n   - Verify successful startup with Uvicorn\n   - Check for proper loading of all environment variables\n   - Ensure database connections are established correctly\n   - Verify logging configuration works as expected\n\n5. Implement clean shutdown procedures:\n   - Ensure database connections are closed properly\n   - Implement proper cleanup of resources\n   - Handle SIGTERM and SIGINT signals appropriately\n\nThese fixes will ensure the application starts reliably across development and production environments.",
      "testStrategy": "",
      "status": "pending",
      "dependencies": [],
      "priority": "high",
      "subtasks": []
    },
    {
      "id": 9,
      "title": "Implement RoadmapParser with Q&A and Manifest Generation",
      "description": "Create RoadmapParser module to transform user goals and Q&A responses into a coherent RoadmapManifest with steps and dependencies",
      "details": "Implement the RoadmapParser module that serves as the foundation for the Manifest-HTA architecture:\n\n1. Create RoadmapParser class in forest_app/core/roadmap_parser.py:\n```python\nclass RoadmapParser:\n    def __init__(self, llm_service: BaseLLMService):\n        self.llm_service = llm_service\n    \n    def parse_goal_to_manifest(\n        self, \n        goal: str, \n        context: str, \n        qa_responses: Dict[str, str],\n        request_context: RequestContext\n    ) -> RoadmapManifest:\n        # Implementation here\n```\n\n2. Implement user Q&A management:\n   - Define standard clarifying questions in settings.py\n   - Create data structures for storing and processing Q&A responses\n   - Design prompt that incorporates Q&A responses for better context\n\n3. Implement Goal to Manifest Prompt (F5.2.1):\n   - Create a structured prompt that instructs the LLM to generate a roadmap of 20-40 steps\n   - Include schema definition for RoadmapStep in the prompt\n   - Specify requirements for dependencies and is_major_phase flagging\n   - Include validation for LLM responses\n\n4. Implement manifest validation:\n   - Integrate circular dependency check\n   - Validate structural integrity of the manifest\n   - Check for reasonable step count (20-40 target)\n   - Verify all steps have proper fields (title, description, etc.)\n\n5. Add error handling and logging:\n   - Handle LLM service failures gracefully\n   - Log detailed execution flow with trace_id\n   - Provide clear error messages for validation failures\n   - Implement retry mechanism for LLM calls\n\nThe RoadmapParser is the key component that transforms user input into the structured roadmap that drives the entire system.",
      "testStrategy": "",
      "status": "pending",
      "dependencies": [
        2,
        3,
        7
      ],
      "priority": "high",
      "subtasks": []
    },
    {
      "id": 10,
      "title": "Implement HTAService for Manifest-Driven Tree Generation",
      "description": "Create HTAService module to generate the initial HTA tree from RoadmapManifest using topological sort and transactional persistence",
      "details": "Implement the HTAService for manifest-driven HTA tree generation:\n\n1. Create HTAService class in forest_app/services/hta_service.py:\n```python\nclass HTAService:\n    def __init__(self, repository: SnapshotRepository, llm_service: BaseLLMService):\n        self.repository = repository\n        self.llm_service = llm_service\n    \n    def generate_initial_hta_from_manifest(\n        self, \n        manifest: RoadmapManifest, \n        tree_id: UUID,\n        request_context: RequestContext\n    ) -> Dict[str, Any]:\n        # Implementation here\n```\n\n2. Implement topological sort logic for dependency-aware node creation:\n   - Sort RoadmapSteps based on dependencies\n   - Properly handle dependencies when creating HTANodeModel instances\n   - Set parent-child relationships based on manifest structure\n   - Map roadmap_step_id from manifest to HTANodeModel\n\n3. Implement transactional persistence:\n   - Use database transactions to ensure atomicity\n   - Handle rollback on failures\n   - Ensure manifest and HTA tree remain synchronized\n   - Update HTATreeModel.top_node_id after creation\n\n4. Handle major phases:\n   - Set is_major_phase flag on HTANodeModel instances based on RoadmapStep.hta_metadata\n   - Ensure proper indexing for efficient phase-related queries\n   - Structure the tree to reflect major phases and their substeps\n\n5. Implement metrics and tracking:\n   - Track initial_roadmap_depth and initial_task_count in HTATreeModel\n   - Add logging for tree generation process with trace_id\n   - Include performance metrics for generation time\n\nThis service is responsible for translating the abstract RoadmapManifest into a concrete, interactive HTA tree structure that users will interact with.",
      "testStrategy": "",
      "status": "pending",
      "dependencies": [
        4,
        7
      ],
      "priority": "high",
      "subtasks": []
    },
    {
      "id": 11,
      "title": "Implement Onboarding API with Manifest and HTA Generation",
      "description": "Create API endpoints for user onboarding with goal definition, Q&A, and manifest-driven HTA tree generation",
      "details": "Implement the onboarding API flow that ties together the RoadmapParser and HTAService:\n\n1. Create API endpoints in forest_app/api/routes/onboarding.py:\n   ```python\n   # Initial goal submission endpoint\n   @router.post(\"/onboarding/goal\", response_model=OnboardingGoalResponse)\n   async def submit_goal(\n       request: OnboardingGoalRequest,\n       request_context: RequestContext = Depends(get_request_context)\n   ):\n       # Implementation\n   \n   # Q&A submission endpoint\n   @router.post(\"/onboarding/questions\", response_model=OnboardingQAResponse)\n   async def submit_qa(\n       request: OnboardingQARequest,\n       request_context: RequestContext = Depends(get_request_context)\n   ):\n       # Implementation\n   \n   # Final onboarding completion endpoint\n   @router.post(\"/onboarding/complete\", response_model=OnboardingCompleteResponse)\n   async def complete_onboarding(\n       request: OnboardingCompleteRequest,\n       request_context: RequestContext = Depends(get_request_context)\n   ):\n       # Implementation\n   ```\n\n2. Implement Pydantic models for request/response:\n   - OnboardingGoalRequest: goal_name, initial_context\n   - OnboardingGoalResponse: tree_id, questions\n   - OnboardingQARequest: tree_id, answers\n   - OnboardingQAResponse: success, additional_questions\n   - OnboardingCompleteRequest: tree_id\n   - OnboardingCompleteResponse: tree details, top_node, initial_roadmap\n\n3. Integrate components in the complete_onboarding endpoint:\n   - Retrieve goal and Q&A from previous steps\n   - Use RoadmapParser.parse_goal_to_manifest to generate manifest\n   - Store manifest in HTATreeModel.manifest JSONB field\n   - Use HTAService.generate_initial_hta_from_manifest to create HTA tree\n   - Return complete tree details\n\n4. Implement error handling:\n   - Handle circular dependencies and provide clear error messages\n   - Implement retry logic for LLM failures\n   - Provide appropriate HTTP status codes for different error scenarios\n   - Log errors with trace_id\n\n5. Add documentation:\n   - OpenAPI schema annotations\n   - Example request/response for each endpoint\n   - Clear descriptions of error responses\n\nThis API flow enables the full onboarding experience with goal setting, clarifying questions, and generation of the comprehensive initial roadmap.",
      "testStrategy": "",
      "status": "pending",
      "dependencies": [
        9,
        10
      ],
      "priority": "high",
      "subtasks": []
    },
    {
      "id": 12,
      "title": "Implement SnapshotRepository for Database Interactions",
      "description": "Extend SnapshotRepository to handle CRUD operations for HTATreeModel and HTANodeModel with proper transaction management",
      "details": "Implement or extend the SnapshotRepository class to support all data models and maintain transactional consistency:\n\n1. Extend SnapshotRepository in forest_app/persistence/repository.py:\n```python\nclass SnapshotRepository:\n    def __init__(self, db_session: Session):\n        self.db_session = db_session\n    \n    # Existing methods...\n    \n    # HTATreeModel methods\n    def create_tree(self, tree: HTATreeModel) -> HTATreeModel:\n        # Implementation\n    \n    def get_tree_by_id(self, tree_id: UUID) -> Optional[HTATreeModel]:\n        # Implementation\n    \n    def update_tree(self, tree: HTATreeModel) -> HTATreeModel:\n        # Implementation\n    \n    def update_tree_manifest(self, tree_id: UUID, manifest: Dict) -> HTATreeModel:\n        # Implementation\n    \n    # HTANodeModel methods\n    def create_node(self, node: HTANodeModel) -> HTANodeModel:\n        # Implementation\n    \n    def get_node_by_id(self, node_id: UUID) -> Optional[HTANodeModel]:\n        # Implementation\n    \n    def get_nodes_by_tree_id(self, tree_id: UUID, **filters) -> List[HTANodeModel]:\n        # Implementation with filter support\n    \n    def get_major_phase_nodes(self, tree_id: UUID, status: Optional[str] = None) -> List[HTANodeModel]:\n        # Implementation using is_major_phase index\n    \n    def update_node(self, node: HTANodeModel) -> HTANodeModel:\n        # Implementation\n    \n    def update_node_status(self, node_id: UUID, status: str) -> HTANodeModel:\n        # Implementation\n    \n    # Transaction management\n    def run_in_transaction(self, callback: Callable) -> Any:\n        # Implementation with proper exception handling and rollback\n```\n\n2. Implement efficient query methods:\n   - Use the specialized indexes created for HTANodeModel\n   - Support filtering by tree_id, status, is_major_phase\n   - Implement methods for common query patterns\n   - Add pagination support for large trees\n\n3. Ensure transactional consistency:\n   - Provide methods that maintain both manifest and HTA consistency\n   - Implement proper transaction handling with rollback on errors\n   - Add explicit locks for concurrent modifications when needed\n   - Ensure atomic updates for related records\n\n4. Add support for manifest operations:\n   - Methods to update manifest within HTATreeModel\n   - Support for querying specific RoadmapSteps from manifest\n   - Methods to synchronize HTANodeModel status with RoadmapStep status\n\n5. Implement proper logging:\n   - Log database operations with trace_id\n   - Include performance metrics for slow queries\n   - Log transaction boundaries and outcomes\n\nThe SnapshotRepository is critical for maintaining data integrity and consistency between the manifest and HTA tree.",
      "testStrategy": "",
      "status": "pending",
      "dependencies": [
        4
      ],
      "priority": "high",
      "subtasks": []
    },
    {
      "id": 13,
      "title": "Implement React UI with Reserved Space for Future Q&A",
      "description": "Create React components for goal definition with UI scaffolding for future Q&A flow, and implement a collapsible roadmap tree visualization as specified in PRD v3.16",
      "details": "Implement the React UI components for the goal definition flow and roadmap visualization, with specific focus on the UI scaffolding for future Q&A requirement from PRD v3.16:\n\n1. Create components for onboarding flow with Q&A scaffolding:\n   - GoalDefinitionForm: Capture goal_name and initial_context\n   - **UI Scaffolding for Future Q&A**: As specified in PRD v3.16, design the onboarding UI to conceptually reserve space for where Q&A flow (deferred from P1) might appear later\n     - Create placeholder component structures that can be easily populated later\n     - Design layout with reserved sections for future Q&A interactions\n     - Include conditional rendering logic based on feature flags\n     - Document the planned Q&A integration points\n   - OnboardingProgress: Show progress through the onboarding steps\n   - LoadingIndicator: Display during LLM processing with appropriate messaging\n\n2. Create error feedback for manifest generation:\n   - Implement clear error messages for manifest generation failures\n   - Add retry functionality for failed manifest generation\n   - Display non-sensitive error details to help users understand issues\n   - Create fallback UI states for error scenarios\n\n3. Create collapsible tree component for roadmap display:\n   - Implement a tree visualization that can handle 10-20 initial nodes efficiently\n   - Support collapsible sections for better organization\n   - **[LeanMVP - Simplify]**: Start with collapsible subtrees without virtualization for the MVP\n   - Provide clear visual distinction for major phases vs. regular steps\n   - Include status indicators (pending, in_progress, completed)\n\n4. Implement API integration:\n   - Connect to /onboarding endpoints for goal submission and completion\n   - Handle loading states and errors appropriately\n   - Implement retry mechanism for API failures\n   - Store/retrieve authentication information for user context\n\n5. Implement re-scope review UI components:\n   - Create components to display re-scope preview diffs\n   - Implement clear confirmation/cancellation controls\n   - Add simple visual comparison between original and proposed changes\n   - Include loading states during preview generation\n\n6. Create UI state management:\n   - Use Redux or React Context for state management\n   - Implement proper caching of tree data\n   - Handle optimistic updates for better UX\n   - Maintain session persistence across page refreshes\n\n7. Style components for clarity and usability:\n   - Create a clean, readable tree visualization\n   - Provide clear visual hierarchy for different node types\n   - Use color coding for status and phase information\n   - Ensure responsive design for different screen sizes\n\n8. Add animations and transitions:\n   - Smooth animations for tree expansion/collapse\n   - Transition effects for status changes\n   - Loading animations during API calls\n   - Subtle feedback for user interactions\n\nThis implementation addresses the PRD v3.16 requirement for UI scaffolding that reserves space for future Q&A functionality while focusing on the core roadmap visualization for the MVP.",
      "testStrategy": "",
      "status": "pending",
      "dependencies": [
        11
      ],
      "priority": "high",
      "subtasks": []
    },
    {
      "id": 14,
      "title": "Implement Task Completion API with Manifest Synchronization",
      "description": "Create API endpoint for task completion that updates both HTANodeModel status and the corresponding RoadmapStep status in the manifest",
      "details": "Implement the task completion API with synchronized manifest updates:\n\n1. Create API endpoint in forest_app/api/routes/hta.py:\n```python\n@router.post(\"/hta_nodes/{node_id}/complete\", response_model=TaskCompletionResponse)\nasync def complete_task(\n    node_id: UUID,\n    request: TaskCompletionRequest,\n    request_context: RequestContext = Depends(get_request_context)\n):\n    # Implementation\n```\n\n2. Implement CompletionProcessor in forest_app/services/completion_processor.py:\n```python\nclass CompletionProcessor:\n    def __init__(self, repository: SnapshotRepository, hta_service: HTAService):\n        self.repository = repository\n        self.hta_service = hta_service\n    \n    def process_completion(\n        self,\n        node_id: UUID,\n        mood_tag: Optional[str] = None,\n        reflection_keywords: Optional[List[str]] = None,\n        request_context: RequestContext = None\n    ) -> Dict[str, Any]:\n        # Implementation with transactional updates to both HTA and manifest\n```\n\n3. Implement transactional updates in CompletionProcessor:\n   - Update HTANodeModel.status to \"completed\"\n   - Retrieve tree and identify corresponding RoadmapStep in manifest\n   - Update RoadmapStep.status in manifest (transactionally)\n   - Save both changes in a single transaction\n\n4. Implement MemorySnapshotModel logging:\n   - Append to snapshot_data[\"recent_tasks_log\"]\n   - Include task ID, title, timestamp, mood_tag, reflection_keywords\n   - Implement trimming logic for recent_tasks_log to cap at configurable number\n   - Update existing log entries if task is toggled between states\n\n5. Implement parent node updates:\n   - Update parent's branch_triggers (current_completion_count, expand_now)\n   - Trigger expansion when completion threshold is reached\n   - Include logging for trigger events\n\n6. Add proper validation:\n   - Verify node exists\n   - Check user has permission\n   - Validate input data\n   - Return appropriate error responses\n\nThe task completion API is critical for maintaining consistency between the HTA tree and the manifest as users progress through their roadmap.",
      "testStrategy": "",
      "status": "pending",
      "dependencies": [
        11,
        12
      ],
      "priority": "high",
      "subtasks": []
    },
    {
      "id": 15,
      "title": "Implement Smoke Testing Framework for Core Functionality",
      "description": "Create a testing framework to evaluate quality, dependencies, latency, transactions, and error reporting in the core Manifest-HTA flow",
      "details": "As specified in the PRD for Phase 1, implement a comprehensive smoke testing framework to validate core functionality:\n\n1. Design and implement smoke tests for core functionality:\n   - Test quality of manifest generation from user goals\n   - Verify dependency handling and topological sort\n   - Measure latency of LLM calls during manifest generation and HTA creation\n   - Verify transaction integrity under various failure scenarios\n   - Test error reporting, especially for circular dependencies\n\n2. Create a test harness in forest_app/tests/smoke:\n```python\nclass ManifestHTASmokeTest:\n    def __init__(self, api_client, test_goals):\n        self.api_client = api_client\n        self.test_goals = test_goals\n    \n    async def run_full_flow_test(self):\n        # Run complete onboarding flow with timing and quality metrics\n    \n    async def test_manifest_quality(self, manifest):\n        # Evaluate manifest quality (structure, step count, dependencies)\n    \n    async def test_hta_generation(self, tree_id):\n        # Verify HTA generation from manifest\n    \n    async def test_transaction_integrity(self):\n        # Test transaction handling under error conditions\n    \n    async def measure_latency(self, operation_name, callback):\n        # Measure and log latency of operations\n```\n\n3. Implement test scenarios:\n   - Happy path (complete flow with no errors)\n   - Error paths (circular dependencies, LLM failures, etc.)\n   - Performance tests (latency under different load conditions)\n   - Quality evaluation (structure and consistency of generated manifests)\n\n4. Create reporting mechanisms:\n   - Generate detailed test reports with metrics\n   - Log performance data for analysis\n   - Create visualizations of manifest and HTA structures\n   - Compare results across test runs\n\n5. Automate smoke tests:\n   - Create CI integration for automated testing\n   - Implement regression detection\n   - Set up alerts for performance degradation\n   - Document test setup and execution procedures\n\nThis testing framework will help ensure the core Manifest-HTA functionality is robust, performant, and produces high-quality results for users.",
      "testStrategy": "",
      "status": "pending",
      "dependencies": [
        9,
        10,
        11,
        14
      ],
      "priority": "high",
      "subtasks": []
    },
    {
      "id": 16,
      "title": "Enhance HTAService with Context Provider Functions",
      "description": "Implement HTAService methods for context payload generation, top node journey data updates, and roll-up functionality",
      "details": "Enhance the HTAService with context provider functions that are manifest-aware:\n\n1. Implement get_llm_context_payload method:\n```python\ndef get_llm_context_payload(\n    self,\n    tree_id: UUID,\n    current_triggering_node_id: UUID,\n    request_context: RequestContext,\n    purpose: str\n) -> Dict[str, Any]:\n    # Retrieve tree and manifest\n    # Get top node journey summary\n    # Get recent task completions from MemorySnapshotModel\n    # Get parent node details from current_triggering_node_id\n    # Compile context payload based on purpose\n    # Return structured context dictionary\n```\n\n2. Implement update_top_node_journey_data method:\n```python\ndef update_top_node_journey_data(\n    self,\n    tree_id: UUID,\n    completed_node_data: Dict[str, Any],\n    request_context: RequestContext\n) -> None:\n    # Retrieve top node\n    # Update journey_summary with new data\n    # Save updated top node\n```\n\n3. Implement roll-up logic for parent nodes:\n```python\ndef update_parent_branch_triggers(\n    self,\n    parent_node_id: UUID,\n    request_context: RequestContext\n) -> None:\n    # Retrieve parent node\n    # Count completed children\n    # Update branch_triggers\n    # Set expand_now flag if threshold reached\n    # Save updated parent node\n```\n\n4. Implement journey_summary structure:\n   - Create a structured format for journey_summary on top node\n   - Track metrics like total_tasks_completed_in_tree, active_leaf_tasks\n   - Include timestamps for recent completions\n   - Store references to currently active phases\n\n5. Add manifest synchronization:\n   - Ensure all updates to HTANodeModel are reflected in RoadmapStep\n   - Maintain bidirectional consistency between tree and manifest\n   - Use transactional updates for data integrity\n\nThese methods provide the context gathering and update mechanisms needed for intelligent roadmap progression and dynamic expansion of the tree.",
      "testStrategy": "",
      "status": "pending",
      "dependencies": [
        10,
        14
      ],
      "priority": "high",
      "subtasks": []
    },
    {
      "id": 17,
      "title": "Implement Dynamic HTA and Manifest Expansion",
      "description": "Create functionality for dynamically expanding both the HTA tree and the Roadmap Manifest with transactional consistency",
      "details": "Implement the dynamic expansion functionality that allows the HTA tree and manifest to grow based on user progress:\n\n1. Enhance HTAService with dynamic expansion methods:\n```python\ndef find_nodes_for_expansion(\n    self,\n    tree_id: UUID,\n    request_context: RequestContext\n) -> List[HTANodeModel]:\n    # Find nodes with branch_triggers.expand_now = True\n    # Return list of nodes ready for expansion\n\ndef expand_node(\n    self,\n    node_id: UUID,\n    request_context: RequestContext\n) -> Dict[str, Any]:\n    # Get context payload\n    # Generate new steps with LLM\n    # Add steps to manifest\n    # Create HTANodeModel instances\n    # Reset parent's branch_triggers\n    # Return expansion details\n```\n\n2. Implement Branch Expansion Prompt (F5.2.2):\n   - Create context-aware prompt for generating new RoadmapSteps\n   - Include parent step details, goal context, and recent progress\n   - Specify JSON output format for new steps\n   - Add validation for LLM response\n\n3. Implement transactional updates:\n   - Add new steps to manifest\n   - Create corresponding HTANodeModel instances\n   - Update parent node properties\n   - Ensure all changes are atomic (succeed or fail together)\n\n4. Create expansion API endpoint:\n```python\n@router.post(\"/trees/{tree_id}/next\", response_model=NextStepsResponse)\nasync def get_next_steps(\n    tree_id: UUID,\n    request_context: RequestContext = Depends(get_request_context)\n):\n    # Find and expand nodes ready for expansion\n    # Return newly created steps\n```\n\n5. Add manifest versioning:\n   - Track changes to manifest with version counter\n   - Support rollback of failed expansions\n   - Maintain history of manifest evolution\n\nThis functionality enables the HTA tree and manifest to grow dynamically based on user progress, focusing expansion at the current operational tier for more detailed guidance.",
      "testStrategy": "",
      "status": "pending",
      "dependencies": [
        16
      ],
      "priority": "high",
      "subtasks": []
    },
    {
      "id": 18,
      "title": "Design UI/UX Mockups for Phase Completion Notifications",
      "description": "Create wireframes and prototypes for phase completion notification UI components to guide implementation in Phase 3",
      "details": "As specified in the PRD (section P2), create UI/UX mockups for phase completion notifications:\n\n1. Design wireframes for notification components:\n   - Toast notification for minor completions\n   - Banner/alert for major phase completions\n   - Modal dialog for significant phase transitions with next steps\n   - Celebration animations for achievements\n\n2. Create visual designs that address:\n   - Clear congratulatory messaging\n   - \"Ready for '{Next Major Phase Title}'?\" prompt\n   - Options for user to acknowledge or postpone\n   - Visual indication of progress in overall roadmap\n   - Consistent branding and style\n\n3. Include interaction specifications:\n   - Animation timings and behaviors\n   - User interaction flows\n   - Dismissal behaviors\n   - Persistence across sessions if needed\n\n4. Design variations for different scenarios:\n   - Major phase completion\n   - Final phase completion\n   - Multiple phases completed simultaneously\n   - First phase completion (onboarding experience)\n\n5. Include technical implementation notes:\n   - Component structure recommendations\n   - State management approach\n   - Event handling specifications\n   - Accessibility considerations\n\nThese mockups will serve as the blueprint for implementing the phase transition UI in Phase 3, ensuring a consistent and thoughtful user experience for a critical moment in the user journey.",
      "testStrategy": "",
      "status": "pending",
      "dependencies": [
        13
      ],
      "priority": "medium",
      "subtasks": []
    },
    {
      "id": 19,
      "title": "Implement HTA and Manifest Branch Re-scoping with User Review",
      "description": "Create functionality to modify existing branches with a two-phase process including preview and confirmation steps as specified in PRD v3.16",
      "details": "Implement re-scoping functionality with the Re-scope Review Step as specified in PRD v3.16 section F4.3:\n\n1. Create two-phase API endpoints for branch re-scoping:\n```python\n# Phase 1: Preview re-scope changes without applying them\n@router.post(\"/hta_nodes/{node_id}/rescope/preview\", response_model=RescapePreviewResponse)\nasync def preview_rescope(\n    node_id: UUID,\n    request: RescapeRequest,\n    request_context: RequestContext = Depends(get_request_context)\n):\n    # Generate re-scope preview without committing changes\n    # Return a summary of proposed changes and preview token\n\n# Phase 2: Apply changes after user confirmation\n@router.post(\"/hta_nodes/{node_id}/rescope/confirm\", response_model=RescapeConfirmResponse)\nasync def confirm_rescope(\n    node_id: UUID,\n    request: RescapeConfirmRequest,\n    request_context: RequestContext = Depends(get_request_context)\n):\n    # Apply previously generated changes if confirmed\n```\n\n2. Implement DTOs for the re-scope preview/confirm flow:\n```python\n# Request for initial re-scope preview\nclass RescapeRequest(BaseModel):\n    user_prompt: str  # User's feedback/context for the branch modification\n    additional_keywords: List[str] = []  # Optional keywords to guide re-scoping\n    \n# Response for preview phase with diff structure\nclass RescapePreviewResponse(BaseModel):\n    # As specified in PRD v3.16:\n    summary_message: str  # e.g., \"Plan updated: X tasks revised, Y new tasks added.\"\n    changed_steps_preview: List[Dict[str, Any]] = []  # [{\"step_id\": \"uuid\", \"change_type\": \"updated/added/removed\", \"old_title\": \"optional\", \"new_title\": \"optional\"}]\n    new_manifest_preview_token: str  # Opaque token for retrieving full preview\n    \n# Request for confirmation phase\nclass RescapeConfirmRequest(BaseModel):\n    new_manifest_preview_token: str  # Token received from preview step\n    confirmed: bool = True  # User's confirmation decision\n    \n# Response after confirmed changes are applied\nclass RescapeConfirmResponse(BaseModel):\n    success: bool\n    message: str\n    updated_node_ids: List[UUID] = []\n    new_steps_added: int = 0\n    steps_modified: int = 0\n    steps_removed: int = 0\n```\n\n3. Implement HTAService methods for two-phase re-scoping:\n```python\ndef generate_rescope_preview(\n    self,\n    node_id: UUID,\n    user_prompt: str,\n    additional_keywords: List[str] = [],\n    request_context: RequestContext\n) -> Dict[str, Any]:\n    # Get node and corresponding RoadmapStep\n    # Get context payload\n    # Generate revised steps with LLM\n    # Create diff between original and revised steps\n    # Store preview with a temporary token\n    # Return diff summary and token\n\ndef apply_rescope_changes(\n    self,\n    preview_token: str,\n    confirmed: bool,\n    request_context: RequestContext\n) -> Dict[str, Any]:\n    # Retrieve preview from token\n    # If confirmed, apply changes to manifest and HTA tree\n    # If not confirmed, discard preview\n    # Return results of the operation\n```\n\n4. Implement preview storage mechanism:\n   - Create a time-limited cache for storing previews\n   - Generate secure tokens for retrieving previews\n   - Implement automatic cleanup for expired previews\n   - Add configuration for preview expiration time\n\n5. Create React UI components for the re-scope review process:\n   - Implement RescopePreview component to display the summary of changes\n   - Show clear \"Proceed\" and \"Cancel\" options for user confirmation\n   - Add simple diff visualization to show changes clearly\n   - Implement loading states during preview and confirmation\n\n6. Design LLM prompt for re-scoping that produces clear diffs:\n   - Include original branch details\n   - Add user feedback/prompt\n   - Request generation of revised steps in a way that facilitates diffing\n   - Ensure dependency integrity in revised plan\n\n7. Implement transactional updates and validation:\n   - Apply changes atomically when confirmed\n   - Verify no circular dependencies are introduced\n   - Maintain proper relationships between steps\n\nThis functionality gives users control over roadmap modifications by showing them what will change before applying the changes, directly addressing the PRD v3.16 requirement for a user-in-control step for re-scopes.",
      "testStrategy": "",
      "status": "pending",
      "dependencies": [
        17
      ],
      "priority": "high",
      "subtasks": []
    },
    {
      "id": 20,
      "title": "Implement PhaseLogic and Phase Completion Detection",
      "description": "Implement the PhaseLogic-HTA Flow to detect major phase completion and proactively guide users to the next logical phase as specified in the PRD",
      "details": "Implement the Phase Completion Detection and Transition Guidance (PhaseLogic-HTA Flow) as a core PRD requirement:\n\n1. Create phase completion detection in HTAService:\n```python\ndef check_phase_completion(\n    self,\n    node_id: UUID,\n    request_context: RequestContext\n) -> Dict[str, Any]:\n    # Check if the completed node was part of a major phase\n    # Determine if ALL child tasks under a designated major phase node are completed (critical PRD requirement)\n    # Identify the next major phase from the manifest with proper dependency validation\n    # Return completion status and next phase details with 90%+ accuracy in test scenarios\n```\n\n2. Implement identification of next major phase with dependency awareness:\n   - Query for nodes with is_major_phase = True in the manifest\n   - Use topological ordering based on RoadmapStep.dependencies to find the next logical phase\n   - Verify all dependencies are satisfied before suggesting a phase\n   - Handle cases where multiple phases might be ready\n   - Ensure >90% accuracy in next phase suggestion as specified in PRD success metrics\n\n3. Create API endpoint for phase transition with proper error handling:\n```python\n@router.get(\"/trees/{tree_id}/phases/next\", response_model=NextPhaseResponse)\nasync def get_next_phase(\n    tree_id: UUID,\n    request_context: RequestContext = Depends(get_request_context)\n):\n    # Get current phase status with proper validation\n    # Check if a phase was just completed with robust error handling\n    # Return next phase details with appropriate guidance\n```\n\n4. Implement UI notification components based on mockups from Task #18:\n   - Create toast/banner/modal components for phase completion\n   - Implement \"Congratulations... Ready for '{Next Major Phase Title}'?\" prompt\n   - Add user acknowledgment flow with clear options\n   - Implement visual feedback for phase transitions\n   - Ensure prompt provides meaningful context for the transition\n\n5. Add transition hooks in CompletionProcessor that maintain manifest-HTA synchronization:\n   - Call check_phase_completion after task completion\n   - Trigger notifications when phases are completed\n   - Update top node journey_summary with phase completion data\n   - Maintain consistency between RoadmapStep.status and HTANodeModel.status\n\nThis implementation directly addresses the PRD's PhaseLogic-HTA Flow requirement and success metric of >90% accuracy in next phase suggestions, providing intelligent guidance between major phases of the user's roadmap upon completion of a phase.",
      "testStrategy": "",
      "status": "pending",
      "dependencies": [
        14,
        18
      ],
      "priority": "high",
      "subtasks": []
    },
    {
      "id": 21,
      "title": "Create Automated Tests for Phase Completion Logic",
      "description": "Implement automated tests that simulate the completion of all child tasks under major phase nodes to verify phase detection and transition logic",
      "details": "As specified in the PRD Review v3.10 Cycle - Refinement section, implement comprehensive automated tests for the phase completion logic:\n\n1. Create test harness in forest_app/tests/phase_completion:\n```python\nclass PhaseCompletionTest:\n    def __init__(self, repository, hta_service):\n        self.repository = repository\n        self.hta_service = hta_service\n    \n    async def setup_test_tree(self):\n        # Create test tree with manifest and multiple phases\n    \n    async def test_phase_completion_detection(self):\n        # Complete all tasks in a phase\n        # Verify phase completion is detected\n    \n    async def test_next_phase_suggestion(self):\n        # Complete a phase\n        # Verify correct next phase is identified\n    \n    async def test_edge_cases(self):\n        # Test various edge cases\n```\n\n2. Implement simulation of task completion:\n   - Create utility functions to mark all tasks in a phase as completed\n   - Simulate completion in proper dependency order\n   - Trigger completion processor for each task\n   - Verify state changes are correctly propagated\n\n3. Test various phase completion scenarios:\n   - Standard phase completion (all tasks in order)\n   - Out-of-order task completion within a phase\n   - Multiple phases being completed simultaneously\n   - Final phase completion\n   - First phase completion\n\n4. Test edge cases identified in the PRD:\n   - Circular dependencies between phases\n   - Missing major phases in manifest\n   - All phases already completed\n   - No next phase available\n   - Phases with no tasks\n\n5. Implement validation of phase transition suggestions:\n   - Verify correct phase is suggested\n   - Check suggestion timing and trigger conditions\n   - Validate UI notification content\n   - Test user interaction flows\n\nThese automated tests will ensure the critical phase completion logic works correctly across a variety of scenarios, providing confidence in this core feature.",
      "testStrategy": "",
      "status": "pending",
      "dependencies": [
        20
      ],
      "priority": "high",
      "subtasks": []
    },
    {
      "id": 22,
      "title": "Enhance \"Fun & Joy\" Elements in User Experience",
      "description": "Iterate on UI elements, copy, and interactions to enhance the enjoyable aspects of working with the roadmap",
      "details": "As specified in the PRD for Phase 3, enhance the \"Fun & Joy\" aspects of the user experience:\n\n1. Review and enhance copywriting throughout the application:\n   - Rewrite task completion messages to be more encouraging and personalized\n   - Create varied congratulatory messages for achievements\n   - Add motivational microcopy for different user scenarios\n   - Ensure language is positive and supportive\n\n2. Implement visual enhancements:\n   - Add subtle animations for task completion\n   - Create more engaging visual feedback for phase transitions\n   - Design achievement indicators for progress milestones\n   - Improve overall aesthetic appeal of the tree visualization\n\n3. Add personalization elements:\n   - Incorporate user's name and preferences in messaging\n   - Remember and reference past achievements in new messages\n   - Adapt tone based on user's selected mood tags\n   - Create a sense of growth and progression over time\n\n4. Implement motivational features:\n   - Add streak tracking for consistent engagement\n   - Create visual representations of progress over time\n   - Include encouraging statistics on user's journey\n   - Add unexpected positive reinforcement at key moments\n\n5. Conduct user testing of \"Fun & Joy\" elements:\n   - Create A/B tests of different engagement approaches\n   - Gather feedback on emotional impact of interactions\n   - Measure user retention with and without enhanced elements\n   - Iterate based on findings\n\nWhile keeping the core functionality focused on effective roadmap management, these enhancements will make the experience more enjoyable and engaging, supporting the original vision of helping users \"extract as much fun and joy out of achieving your goals as possible.\"",
      "testStrategy": "",
      "status": "pending",
      "dependencies": [
        13,
        20
      ],
      "priority": "medium",
      "subtasks": []
    },
    {
      "id": 23,
      "title": "Implement End-to-End Testing Framework for Core Functionality",
      "description": "Create comprehensive E2E tests covering the entire user journey from onboarding through phase completion",
      "details": "As specified in the PRD for Phase 3, implement end-to-end testing for the core functionality:\n\n1. Create E2E test framework in forest_app/tests/e2e:\n```python\nclass ForestOSE2ETest:\n    def __init__(self, api_client, test_data):\n        self.api_client = api_client\n        self.test_data = test_data\n    \n    async def test_complete_user_journey(self):\n        # Test full journey from onboarding to multiple phase completions\n        \n    async def test_manifest_hta_consistency(self):\n        # Verify manifest and HTA remain in sync throughout operations\n        \n    async def test_error_handling(self):\n        # Test system resilience to various error conditions\n        \n    async def test_concurrent_operations(self):\n        # Test system behavior under concurrent user operations\n```\n\n2. Implement user journey simulation:\n   - Programmatically execute onboarding flow\n   - Complete tasks in logical sequence\n   - Trigger phase transitions\n   - Test rescoping functionality\n   - Verify consistent state throughout\n\n3. Test manifest-HTA consistency:\n   - Verify bidirectional updates between manifest and HTA nodes\n   - Test status synchronization across tree changes\n   - Ensure transactional integrity during complex operations\n   - Validate consistency after error conditions\n\n4. Test API endpoints as an integrated system:\n   - Verify proper status codes and responses\n   - Test authorization and access control\n   - Validate data integrity across API boundaries\n   - Measure performance of critical API paths\n\n5. Create browser-based UI tests:\n   - Test React components with user interactions\n   - Verify UI state reflects backend state correctly\n   - Test responsive behavior across device sizes\n   - Validate accessibility compliance\n\nThese comprehensive E2E tests will validate the entire system works correctly as an integrated whole, providing confidence in the product readiness.",
      "testStrategy": "",
      "status": "pending",
      "dependencies": [
        20,
        21,
        22
      ],
      "priority": "high",
      "subtasks": []
    },
    {
      "id": 24,
      "title": "Implement Next Phase Kick-off LLM Call (Stretch Goal)",
      "description": "Create the opt-in contextual next phase kick-off functionality that refines the start of the next phase based on recent progress",
      "details": "Implement the stretch goal feature (F4.4.4) for contextual next phase kick-off:\n\n1. Create a new LLM prompt (F5.2.3) for next phase refinement:\n```python\ndef get_next_phase_kickoff_prompt(\n    self,\n    completed_phase_id: UUID,\n    next_phase_id: UUID,\n    context: Dict[str, Any]\n) -> str:\n    # Create prompt with completed phase summary and next phase details\n```\n\n2. Implement HTAService method for phase refinement:\n```python\ndef refine_next_phase_kickoff(\n    self,\n    completed_phase_id: UUID,\n    next_phase_id: UUID,\n    request_context: RequestContext\n) -> Dict[str, Any]:\n    # Get context from completed phase\n    # Get details of next phase\n    # Generate refinement with LLM\n    # Apply refinements to manifest and HTA\n    # Return refinement details\n```\n\n3. Add API endpoint for opt-in refinement:\n```python\n@router.post(\"/trees/{tree_id}/phases/{phase_id}/refine\", response_model=PhaseRefinementResponse)\nasync def refine_phase_kickoff(\n    tree_id: UUID,\n    phase_id: UUID,\n    request: PhaseRefinementRequest,\n    request_context: RequestContext = Depends(get_request_context)\n):\n    # Implementation\n```\n\n4. Implement UI components for opt-in refinement:\n   - Add refinement option to phase transition UI\n   - Display loading state during LLM processing\n   - Show before/after comparison of refinements\n   - Allow user to accept or reject refinements\n\n5. Ensure transactional updates:\n   - Update manifest with refinements\n   - Create or modify HTANodeModel instances as needed\n   - Maintain consistency between manifest and HTA tree\n\nThis opt-in feature enhances the intelligence of the phase transition process by incorporating learnings from the completed phase to refine the approach for the next phase.",
      "testStrategy": "",
      "status": "pending",
      "dependencies": [
        20
      ],
      "priority": "medium",
      "subtasks": []
    },
    {
      "id": 25,
      "title": "Implement Production Metrics and Monitoring",
      "description": "Set up counters, gauges, and dashboarding for monitoring key system metrics in production",
      "details": "As specified in the PRD Feedback v3.2 Cycle - Action/Decision section, implement production metrics:\n\n1. Set up Prometheus counters/gauges via starlette-exporter or similar:\n   - Onboarding success/failure rates\n   - HTA expansion events (triggered, successful, failed)\n   - LLM call counts by type (initial generation, expansion, etc.)\n   - API endpoint error rates by endpoint/status code\n   - Task completion event counts\n   - Latency metrics for critical operations\n\n2. Implement instrumentation in key services:\n   - Add metrics collection in RoadmapParser\n   - Instrument HTAService operations\n   - Track LLMClient performance\n   - Measure database operation durations\n   - Record API endpoint response times\n\n3. Create lightweight dashboarding with internal tools/DB queries:\n   - Track HTA trees created over time\n   - Monitor tasks generated vs. completed per tree/user\n   - Graph active users and session metrics\n   - Visualize error rates and performance trends\n\n4. Set up structured logging:\n   - Configure consistent log format with trace_id correlation\n   - Log critical errors and application lifecycle events\n   - Create log aggregation solution\n   - Implement log level controls for different environments\n\n5. Add alerting for critical conditions:\n   - Configure alerts for elevated error rates\n   - Set thresholds for performance degradation\n   - Monitor LLM service availability\n   - Alert on database issues\n\nThese monitoring capabilities are essential for maintaining system health in production and identifying potential issues before they impact users.",
      "testStrategy": "",
      "status": "pending",
      "dependencies": [
        23
      ],
      "priority": "high",
      "subtasks": []
    },
    {
      "id": 26,
      "title": "Implement Basic API Security",
      "description": "Add authentication, rate limiting, and request validation to protect API endpoints before public deployment",
      "details": "As specified in the PRD for Phase 4, implement basic API security:\n\n1. Implement authentication mechanism:\n   - Add JWT-based authentication for API endpoints\n   - Configure secure token management\n   - Create middleware for authentication validation\n   - Implement proper user session handling\n\n2. Add rate limiting to prevent abuse:\n   - Implement per-user or per-IP rate limiting\n   - Configure different limits for different endpoint types\n   - Create graceful handling for rate limit exceeded scenarios\n   - Log rate limiting events for monitoring\n\n3. Enhance request validation:\n   - Add comprehensive validation for all incoming requests\n   - Implement error handling for malformed requests\n   - Add sanitization for user inputs to prevent injection attacks\n   - Return standardized error responses\n\n4. Configure CORS settings:\n   - Set up proper CORS configuration for the React frontend\n   - Limit allowed origins to trusted domains\n   - Configure appropriate headers and methods\n   - Test cross-origin request handling\n\n5. Add security headers:\n   - Configure Content-Security-Policy\n   - Add X-Content-Type-Options\n   - Set X-Frame-Options\n   - Configure other security headers as appropriate\n\nThis basic security implementation will protect the application when deployed to public environments like Koyeb, while maintaining API accessibility for legitimate users.",
      "testStrategy": "",
      "status": "pending",
      "dependencies": [
        23
      ],
      "priority": "high",
      "subtasks": []
    },
    {
      "id": 27,
      "title": "Implement Optional MCP Server Wrapper (Stretch Goal)",
      "description": "Create a Model Context Protocol (MCP) server interface that wraps core Forest OS functionality for integration with other AI tools",
      "details": "As specified in the PRD section 7.1 (Optional MCP Server Interface), implement a basic MCP server wrapper:\n\n1. Create a separate entry point in forest_app/mcp_server.py:\n```python\ndef create_mcp_app():\n    app = MCPServer(name=\"forest-os-mcp\")\n    \n    # Register handlers\n    app.register_function(\"create_roadmap\", create_roadmap_handler)\n    app.register_function(\"get_tree\", get_tree_handler)\n    app.register_function(\"complete_task\", complete_task_handler)\n    # Register other handlers\n    \n    return app\n```\n\n2. Implement MCP handlers that wrap core service methods:\n```python\nasync def create_roadmap_handler(request: Dict) -> Dict:\n    # Extract parameters from MCP request\n    # Call RoadmapParser and HTAService methods\n    # Return lean JSON response\n    \nasync def get_tree_handler(request: Dict) -> Dict:\n    # Extract tree_id from request\n    # Call repository to get tree and nodes\n    # Format as lean JSON response\n    \nasync def complete_task_handler(request: Dict) -> Dict:\n    # Extract node_id and parameters\n    # Call CompletionProcessor\n    # Return response with updated state\n```\n\n3. Create conversion utilities:\n   - Functions to convert between MCP protocol and internal models\n   - Streamlined JSON representations of complex objects\n   - Error mapping to MCP format\n\n4. Add documentation for MCP integration:\n   - API reference for available methods\n   - Example requests and responses\n   - Integration guide for MCP clients\n   - Usage scenarios and limitations\n\n5. Implement authentication for MCP server:\n   - Configure API key validation\n   - Set up rate limiting specific to MCP interface\n   - Add logging and monitoring for MCP usage\n\nThis optional MCP server interface enables integration with other AI tools and environments while maintaining a single logic codebase.",
      "testStrategy": "",
      "status": "pending",
      "dependencies": [
        16,
        17,
        26
      ],
      "priority": "medium",
      "subtasks": []
    },
    {
      "id": 28,
      "title": "Prepare Koyeb Deployment Configuration",
      "description": "Create Dockerfile, configuration files, and deployment documentation for Koyeb deployment",
      "details": "Prepare the application for deployment to Koyeb:\n\n1. Create a production-ready Dockerfile:\n```dockerfile\nFROM python:3.11.8-slim\n\nWORKDIR /app\n\n# Copy requirements and install dependencies\nCOPY requirements.txt .\nRUN pip install --no-cache-dir -r requirements.txt\n\n# Copy application code\nCOPY . .\n\n# Set environment variables\nENV PYTHONPATH=/app\nENV PORT=8080\n\n# Run as non-root user for security\nRUN adduser --disabled-password --gecos \"\" appuser\nUSER appuser\n\n# Start the application with Uvicorn\nCMD exec uvicorn forest_app.main:app --host 0.0.0.0 --port $PORT\n```\n\n2. Configure environment variables for production:\n   - Create a comprehensive list of required environment variables\n   - Document secure storage of sensitive variables in Koyeb\n   - Set up environment variable validation in application\n   - Provide default values where appropriate\n\n3. Set up Koyeb service configuration:\n   - Define resource requirements (CPU, memory)\n   - Configure scaling parameters\n   - Set up health checks and restart policies\n   - Configure network settings and domains\n\n4. Implement database migration strategy:\n   - Create a pre-deployment migration script\n   - Test migrations on staging environment\n   - Document rollback procedures\n   - Ensure zero-downtime updates\n\n5. Create comprehensive deployment documentation:\n   - Step-by-step deployment guide\n   - Infrastructure requirements\n   - Configuration options\n   - Troubleshooting common issues\n   - Monitoring and maintenance procedures\n\nThis preparation will ensure a smooth deployment to Koyeb with proper configuration and documentation.",
      "testStrategy": "",
      "status": "pending",
      "dependencies": [
        25,
        26
      ],
      "priority": "high",
      "subtasks": []
    },
    {
      "id": 29,
      "title": "Deploy MVP to Koyeb and Conduct Self-Evaluation",
      "description": "Deploy the application to Koyeb production environment and conduct thorough self-testing to gather insights and validate the MVP",
      "details": "Execute the final deployment and conduct self-evaluation of the MVP:\n\n1. Deploy to Koyeb production environment:\n   - Follow the deployment guide created in Task #28\n   - Configure all required environment variables\n   - Set up database connections and perform migrations\n   - Configure domains and SSL certificates\n   - Verify successful deployment with health checks\n\n2. Conduct comprehensive self-testing:\n   - Create multiple test trees with different goals and complexities\n   - Complete tasks and trigger phase transitions\n   - Test the full user journey multiple times\n   - Verify manifest-HTA consistency throughout\n   - Evaluate the \"Fun & Joy\" aspects of the experience\n   - Test performance under various conditions\n\n3. Monitor production metrics:\n   - Track LLM API usage, costs, and performance\n   - Monitor response times and system load\n   - Analyze database performance and growth\n   - Identify any performance bottlenecks or issues\n   - Track user engagement metrics\n\n4. Document findings and insights:\n   - Create a detailed evaluation report\n   - Identify strengths and areas for improvement\n   - Document any unexpected behavior or issues\n   - Capture user feedback and observations\n   - Prioritize post-MVP enhancements\n\n5. Create a roadmap for future development:\n   - Identify high-value features for next iterations\n   - Document technical debt to be addressed\n   - Propose optimizations based on performance data\n   - Outline scaling strategy for increased adoption\n\nThis final task completes the MVP development cycle and sets the stage for future evolution of the Forest OS system.",
      "testStrategy": "",
      "status": "pending",
      "dependencies": [
        28
      ],
      "priority": "high",
      "subtasks": []
    },
    {
      "id": 33,
      "title": "Implement Basic Phase Completion UI Notification",
      "description": "Design and implement a simple UI notification component for phase completion as specified in PRD v3.15. Focus on basic notification without complex LLM-driven suggestions. The notification should display the completed phase name and the next recommended phase (if any).",
      "details": "Implement a minimal but effective phase completion notification UI as specified in PRD v3.15:\n\n1. Create React components for phase completion notification:\n   - Design `PhaseCompletionToast` component for minor completions\n   - Design `PhaseCompletionBanner` component for major phase completions\n   - Include appropriate styling consistent with the Forest UI design\n\n2. Implement the notification content:\n   - Display congratulatory message with completed phase name\n   - Show the next recommended phase (if available)\n   - Include simple action buttons (\"Continue\" or \"Later\")\n   - Add subtle animations for user engagement\n\n3. Connect UI components to API endpoints:\n   - Subscribe to phase completion events\n   - Request next phase data from `/trees/{tree_id}/phases/next` endpoint\n   - Handle error cases appropriately\n   - Implement proper loading states\n\n4. Add notification management:\n   - Create notification queue for multiple completions\n   - Set appropriate auto-dismiss timing\n   - Implement user dismissal handling\n   - Persist notification state for session continuity\n\n5. Test on various devices and screen sizes:\n   - Ensure responsive design works on mobile and desktop\n   - Verify accessibility requirements are met\n   - Test notification behavior with keyboard navigation\n\nThis implementation focuses on the core notification functionality without the more advanced LLM-driven suggestions, aligning with the v3.15 PRD's emphasis on implementing the basic version first.",
      "testStrategy": "",
      "status": "pending",
      "dependencies": [
        16,
        17
      ],
      "priority": "medium",
      "subtasks": []
    },
    {
      "id": 34,
      "title": "Implement Basic LLM Call Monitoring",
      "description": "Implement basic logging and monitoring for LLM API calls as specified in PRD v3.15. This should include tracking call counts, errors, and P75 latency metrics for initial manifest generation (target < 8s) and expansions (target < 3s). Focus on simple logging rather than complex Prometheus dashboards.",
      "details": "",
      "testStrategy": "",
      "status": "pending",
      "dependencies": [
        2
      ],
      "priority": "medium",
      "subtasks": []
    },
    {
      "id": 35,
      "title": "Implement Context Trimming for LLM Prompts",
      "description": "Implement essential context trimming for LLM prompts as specified in PRD v3.15 section 3.5. Limit recent_tasks_log to a fixed number of items and apply simple heuristics for journey_summary to optimize token usage and improve performance.",
      "details": "Implement context trimming for LLM prompts to optimize token usage and performance as specified in PRD v3.15 section 3.5:\n\n1. Create a ContextTrimmer utility class in forest_app/utils/context_trimmer.py:\n```python\nclass ContextTrimmer:\n    def __init__(self, config: Dict[str, Any]):\n        self.max_recent_tasks = config.get('max_recent_tasks', 5)\n        self.max_journey_summary_items = config.get('max_journey_summary_items', 10)\n        self.max_token_target = config.get('max_token_target', 1000)\n    \n    def trim_recent_tasks_log(self, recent_tasks_log: List[Dict[str, Any]]) -> List[Dict[str, Any]]:\n        # Implementation that caps the recent_tasks_log to the configured maximum\n        # Should prioritize most recent tasks\n        # Return trimmed list\n    \n    def trim_journey_summary(self, journey_summary: Dict[str, Any]) -> Dict[str, Any]:\n        # Apply heuristics to trim journey_summary\n        # Focus on most recent and most relevant information\n        # Return trimmed journey_summary\n```\n\n2. Implement recent_tasks_log trimming:\n   - Cap the list to a configurable number (default: 5 most recent tasks)\n   - Ensure the most recent and significant completions are preserved\n   - Implement simple priority rules for important vs. routine tasks\n   - Add timestamp-based filtering for recency\n\n3. Implement journey_summary optimization:\n   - Apply heuristics to identify and retain the most relevant information\n   - Trim verbose sections while maintaining key insights\n   - Remove duplicative or redundant information\n   - Prioritize information related to current phase and context\n\n4. Integrate with LLM service context preparation:\n   - Add ContextTrimmer to LLM prompt generation pipeline\n   - Apply trimming before final prompt assembly\n   - Add telemetry to track token count savings\n   - Include before/after token counts in debug logs\n\n5. Configure trimming rules in settings.py:\n   - Make trimming thresholds configurable\n   - Allow different trimming rules for different prompt types\n   - Document the trimming settings and their impacts\n\nThis implementation will optimize token usage and improve performance while preserving the most relevant context for LLM interactions, directly addressing the requirements in PRD v3.15 section 3.5.",
      "testStrategy": "",
      "status": "pending",
      "dependencies": [
        2,
        3
      ],
      "priority": "high",
      "subtasks": []
    },
    {
      "id": 36,
      "title": "Implement Max Token Output Controls for LLM API Calls",
      "description": "Implement token cap constraints (`max_output_tokens`) for all LLM API calls as specified in PRD v3.15 section 3.3. This is essential for controlling API costs and ensuring consistent, manageable responses.",
      "details": "",
      "testStrategy": "",
      "status": "pending",
      "dependencies": [
        2
      ],
      "priority": "high",
      "subtasks": []
    },
    {
      "id": 37,
      "title": "Implement Collapsible Tree UI for React Harness",
      "description": "Implement a simple collapsible tree UI component for the React harness as mentioned in PRD v3.15 section 7. Focus on basic functionality without virtualization or lazy loading. The UI should support the minimal feature set required for the core loop.",
      "details": "",
      "testStrategy": "",
      "status": "pending",
      "dependencies": [
        17
      ],
      "priority": "medium",
      "subtasks": []
    },
    {
      "id": 38,
      "title": "Implement Comprehensive Error Handling Strategy",
      "description": "Develop and implement a consistent error handling strategy across all modules with standardized error responses, logging, and recovery mechanisms",
      "details": "Implement a comprehensive error handling strategy across the Forest application to ensure reliability and proper user feedback:\\n\\n1. Create standardized error handling utilities in forest_app/utils/error_handling.py:\\n```python\\nclass ForestError(Exception):\\n    \\\"\\\"\\\"Base exception class for all Forest application errors\\\"\\\"\\\"\\n    def __init__(self, message: str, code: str, http_status: int = 500, details: Optional[Dict[str, Any]] = None):\\n        self.message = message\\n        self.code = code  # Application-specific error code\\n        self.http_status = http_status\\n        self.details = details or {}\\n        super().__init__(message)\\n\\nclass CircularDependencyError(ForestError):\\n    \\\"\\\"\\\"Raised when circular dependencies are detected in roadmap steps\\\"\\\"\\\"\\n    def __init__(self, message: str, cycles: List[List[Dict[str, Any]]]):\\n        details = {\\\"cycles\\\": cycles}\\n        super().__init__(message, \\\"CIRCULAR_DEPENDENCY\\\", 422, details)\\n\\n# Additional specialized error classes for different error scenarios\\n```\\n\\n2. Implement FastAPI exception handlers:\\n   - Create a standardized JSON error response format\\n   - Register custom exception handlers for ForestError and its subclasses\\n   - Include request trace_id in error responses for debugging\\n   - Add appropriate HTTP status codes based on error types\\n\\n3. Enhance LLM service error handling:\\n   - Implement specific error types for LLM request failures\\n   - Add retry logic with exponential backoff for transient errors\\n   - Create fallback mechanisms for critical LLM operations\\n   - Log detailed error information for LLM failures\\n\\n4. Implement database transaction error handling:\\n   - Create robust transaction management with proper rollbacks\\n   - Handle database connection errors gracefully\\n   - Implement recovery mechanisms for failed transactions\\n   - Add database-specific error codes and messages\\n\\n5. Create comprehensive error logging and monitoring:\\n   - Ensure all errors are properly logged with context\\n   - Add structured logging for error events\\n   - Implement different log levels based on error severity\\n   - Create monitoring alerts for critical errors\\n\\n6. Add client-side error handling in React components:\\n   - Implement error boundaries for component failures\\n   - Create user-friendly error messages and recovery options\\n   - Add offline error handling for API failures\\n   - Implement global error state management\\n\\nThis task addresses a critical aspect of system reliability and usability, ensuring that errors are properly captured, reported, and handled throughout the application.",
      "testStrategy": "",
      "status": "pending",
      "dependencies": [
        7,
        8
      ],
      "priority": "high",
      "subtasks": []
    },
    {
      "id": 39,
      "title": "Implement RoadmapManifest Helper Methods for API Ergonomics",
      "description": "Enhance RoadmapManifest model with helper methods for improved API ergonomics including get_step_by_id, update_step_status, add_step, and get_pending_actionable_steps",
      "details": "As specified in PRD v3.16 section 3.2.1 under \"MVP Polish - Dev/UX: (Manifest API Ergonomics)\", implement the following helper methods for the RoadmapManifest Pydantic model in forest_app/core/roadmap_models.py:\\n\\n1. Basic helper methods:\\n```python\\ndef get_step_by_id(self, step_id: UUID) -> Optional[RoadmapStep]:\\n    \\\"\\\"\\\"Find and return a step by its ID, or None if not found.\\\"\\\"\\\"\\n    for step in self.steps:\\n        if step.id == step_id:\\n            return step\\n    return None\\n\\ndef update_step_status(self, step_id: UUID, new_status: str) -> bool:\\n    \\\"\\\"\\\"Update a step's status and update timestamps. Returns True if successful.\\\"\\\"\\\"\\n    step = self.get_step_by_id(step_id)\\n    if step:\\n        step.status = new_status\\n        step.updated_at = datetime.now(timezone.utc)\\n        self.updated_at = datetime.now(timezone.utc)\\n        return True\\n    return False\\n\\ndef add_step(self, step: RoadmapStep) -> None:\\n    \\\"\\\"\\\"Add a new step to the manifest and update timestamp.\\\"\\\"\\\"\\n    self.steps.append(step)\\n    self.updated_at = datetime.now(timezone.utc)\\n```\\n\\n2. Advanced helper methods for MVP:\\n```python\\ndef get_pending_actionable_steps(self) -> List[RoadmapStep]:\\n    \\\"\\\"\\\"Returns steps that are 'pending', with all dependencies met, sorted by priority.\\\"\\\"\\\"\\n    # Get all completed step IDs\\n    completed_step_ids = {step.id for step in self.steps if step.status == \\\"completed\\\"}\\n    \\n    # Filter for pending steps with all dependencies met\\n    actionable_steps = []\\n    for step in self.steps:\\n        if step.status != \\\"pending\\\":\\n            continue\\n            \\n        # Check if all dependencies are satisfied\\n        dependencies_met = all(dep_id in completed_step_ids for dep_id in step.dependencies)\\n        if dependencies_met:\\n            actionable_steps.append(step)\\n    \\n    # Sort by priority (high, medium, low)\\n    priority_order = {\\\"high\\\": 0, \\\"medium\\\": 1, \\\"low\\\": 2}\\n    return sorted(actionable_steps, key=lambda s: priority_order.get(s.priority, 3))\\n\\ndef get_major_phases(self) -> List[RoadmapStep]:\\n    \\\"\\\"\\\"Returns all steps marked as major phases.\\\"\\\"\\\"\\n    return [step for step in self.steps \\n            if step.hta_metadata.get(\\\"is_major_phase\\\", False)]  \\n```\\n\\n3. Create comprehensive unit tests:\\n   - Test all helper methods with various scenarios\\n   - Verify correct updating of timestamps\\n   - Test edge cases like non-existent step IDs\\n   - Verify priority sorting in get_pending_actionable_steps\\n   - Test with circular dependencies\\n\\n4. Document the API ergonomics improvements:\\n   - Add clear docstrings to all methods\\n   - Update API documentation to highlight these convenience methods\\n   - Create usage examples for other developers\\n\\nThese helper methods will improve API ergonomics and make it easier for other parts of the system to work with the RoadmapManifest model, reducing code duplication and improving readability.\\n",
      "testStrategy": "",
      "status": "pending",
      "dependencies": [],
      "priority": "high",
      "subtasks": []
    },
    {
      "id": 40,
      "title": "Implement LLM Service Retry Mechanism with Exponential Backoff",
      "description": "Add a robust retry mechanism with exponential backoff to BaseLLMService implementations for handling transient LLM API errors",
      "details": "As specified in PRD v3.16 section 3.3 under \\\"[MVP Polish - Dev/UX]: (Retry Backoff Strategy)\\\", implement a retry mechanism with exponential backoff for BaseLLMService concrete implementations:\\n\\n1. Create a generic retry utility in forest_app/utils/retry.py:\\n```python\\nfrom typing import TypeVar, Callable, Any, List, Dict, Optional\\nimport time\\nimport random\\nimport logging\\n\\nT = TypeVar('T')\\n\\ndef retry_with_exponential_backoff(\\n    func: Callable[..., T],\\n    max_retries: int = 3,\\n    initial_delay_ms: int = 500,\\n    max_delay_ms: int = 8000,\\n    backoff_factor: float = 2.0,\\n    jitter_factor: float = 0.1,\\n    retryable_exceptions: List[type] = None,\\n    retry_condition: Callable[[Exception], bool] = None,\\n    logger: Optional[logging.Logger] = None\\n) -> T:\\n    \\\"\\\"\\\"Execute a function with exponential backoff retry strategy.\\n    \\n    Args:\\n        func: The function to execute\\n        max_retries: Maximum number of retries before giving up\\n        initial_delay_ms: Initial delay in milliseconds\\n        max_delay_ms: Maximum delay in milliseconds\\n        backoff_factor: Multiplicative factor for each retry delay\\n        jitter_factor: Random jitter factor to add to delay (as a percentage)\\n        retryable_exceptions: List of exception types that should trigger a retry\\n        retry_condition: Optional callable to determine if an exception is retryable\\n        logger: Optional logger for logging retries\\n        \\n    Returns:\\n        The result of the function\\n        \\n    Raises:\\n        The last exception encountered after all retries are exhausted\\n    \\\"\\\"\\\"\\n    retryable_exceptions = retryable_exceptions or []\\n    logger = logger or logging.getLogger(__name__)\\n    \\n    last_exception = None\\n    \\n    for attempt in range(max_retries + 1):  # +1 for the initial attempt\\n        try:\\n            return func()\\n            \\n        except Exception as e:\\n            last_exception = e\\n            \\n            # Check if we should retry based on exception type or custom condition\\n            should_retry = False\\n            if any(isinstance(e, exc_type) for exc_type in retryable_exceptions):\\n                should_retry = True\\n            if retry_condition and retry_condition(e):\\n                should_retry = True\\n                \\n            # Don't retry if it's not a retryable exception or on last attempt\\n            if not should_retry or attempt == max_retries:\\n                raise\\n                \\n            # Calculate delay with exponential backoff and jitter\\n            delay_ms = min(initial_delay_ms * (backoff_factor ** attempt), max_delay_ms)\\n            jitter_ms = random.uniform(-jitter_factor * delay_ms, jitter_factor * delay_ms)\\n            total_delay_ms = delay_ms + jitter_ms\\n            \\n            logger.warning(\\n                f\\\"Retry attempt {attempt+1}/{max_retries} for operation after {total_delay_ms:.0f}ms. \\\"\\n                f\\\"Error: {str(e)}\\\"\\n            )\\n            \\n            time.sleep(total_delay_ms / 1000)  # Convert to seconds\\n            \\n    # This should not be reached due to the raise in the loop, but just in case\\n    if last_exception:\\n        raise last_exception\\n    \\n    raise RuntimeError(\\\"Unexpected error in retry_with_exponential_backoff\\\")\\n```\\n\\n2. Integrate the retry mechanism into GoogleGeminiService:\\n```python\\nclass GoogleGeminiService(BaseLLMService):\\n    def __init__(self, api_key: str, project_id: str = None, location: str = None, retry_config: Dict[str, Any] = None):\\n        self.api_key = api_key\\n        self.project_id = project_id\\n        self.location = location\\n        self.retry_config = retry_config or {\\n            \\\"max_retries\\\": 3,\\n            \\\"initial_delay_ms\\\": 500,\\n            \\\"max_delay_ms\\\": 8000,\\n            \\\"backoff_factor\\\": 2.0,\\n            \\\"jitter_factor\\\": 0.1\\n        }\\n        self.logger = logging.getLogger(__name__)\\n        self._setup_gemini_client()\\n    \\n    def generate_text(self, prompt: str, max_output_tokens: int = 1024, **kwargs) -> str:\\n        \\\"\\\"\\\"Generate text using Google Gemini with retry logic for transient errors.\\\"\\\"\\\"\\n        def _generate():\\n            # Actual implementation of the Gemini API call\\n            # ...\\n            return response_text\\n        \\n        # List of retryable exceptions specific to Gemini API\\n        retryable_exceptions = [\\n            # Add specific exception types for transient Gemini errors\\n            # e.g., google.api_core.exceptions.ServiceUnavailable,\\n            #      google.api_core.exceptions.ResourceExhausted,\\n            #      Timeout errors, etc.\\n        ]\\n        \\n        # Custom condition for determining if an error is retryable\\n        def is_retryable(e):\\n            # Logic to determine if the error is transient/retryable\\n            # e.g., check for rate limiting, temporary unavailability, etc.\\n            return False  # Default implementation\\n        \\n        start_time = time.time()\\n        \\n        try:\\n            result = retry_with_exponential_backoff(\\n                func=_generate,\\n                max_retries=self.retry_config[\\\"max_retries\\\"],\\n                initial_delay_ms=self.retry_config[\\\"initial_delay_ms\\\"],\\n                max_delay_ms=self.retry_config[\\\"max_delay_ms\\\"],\\n                backoff_factor=self.retry_config[\\\"backoff_factor\\\"],\\n                jitter_factor=self.retry_config[\\\"jitter_factor\\\"],\\n                retryable_exceptions=retryable_exceptions,\\n                retry_condition=is_retryable,\\n                logger=self.logger\\n            )\\n            \\n            elapsed_ms = (time.time() - start_time) * 1000\\n            self.logger.info(f\\\"Generated text in {elapsed_ms:.0f}ms with Gemini API\\\")\\n            return result\\n            \\n        except Exception as e:\\n            self.logger.error(f\\\"Failed to generate text after retries: {str(e)}\\\")\\n            raise\\n```\\n\\n3. Apply similar logic to other LLM service implementations:\\n   - Modify other services to use the retry mechanism\\n   - Configure appropriate retry settings for each service type\\n   - Identify specific retryable exceptions for each LLM provider\\n\\n4. Add monitoring and logging for retry attempts:\\n   - Log detailed information about each retry\\n   - Track successful retry recoveries for telemetry\\n   - Record retry patterns to tune the configuration\\n\\n5. Make retry settings configurable:\\n   - Add retry configuration to settings.py\\n   - Allow environment variable overrides for settings\\n   - Document retry configuration options\\n\\nThis implementation will help maintain reliable service through transient API errors, improving the overall robustness of the LLM interactions that are critical to the system.",
      "testStrategy": "",
      "status": "pending",
      "dependencies": [],
      "priority": "high",
      "subtasks": []
    },
    {
      "id": 41,
      "title": "Implement UX Validation Sprint and Refinement Checkpoint",
      "description": "Plan and execute the UX Validation Sprint at the end of P3 and UX Refinement Checkpoint at the start of P4 as specified in PRD v3.16",
      "details": "As specified in PRD v3.16 sections P3 and P4, implement a structured UX validation process:\\n\\n1. Plan and execute UX Validation Sprint (End of P3 - Last 2 days):\\n   - Recruit 3-5 target users (non-developers) for testing\\n   - Create a structured test protocol focusing on:\\n     - Core loop: task completion → expansions\\n     - Review & confirmation of re-scope diffs\\n     - Reaction to basic \\\"next phase\\\" notification\\n   - Prepare testing environment and materials\\n   - Set up recording methods for user interactions\\n   - Schedule and conduct test sessions\\n   - Document and analyze findings\\n   - Produce deliverable: Top 3 usability issues and prioritized tweaks for P4\\n\\n2. Implement UX Refinement Checkpoint (Start of P4 - First 1-2 days):\\n   - Recruit same testers or 2 fresh users\\n   - Create test protocol focusing on:\\n     - Verification of P3 usability fixes\\n     - End-to-end core flow intuition assessment\\n   - Schedule and conduct test sessions\\n   - Analyze results to determine UX readiness\\n   - Produce deliverable: Sign-off on UX readiness for beta or list of critical remaining UX blockers\\n\\n3. Create test scenarios for core user flows:\\n   - Onboarding and initial roadmap generation\\n   - Task completion and expansion triggers\\n   - Phase completion notification and acknowledgment\\n   - Re-scoping with preview and confirmation\\n   - Error handling and recovery (e.g., manifest generation failures)\\n\\n4. Develop user testing materials:\\n   - Test scripts and instructions\\n   - Task prompts for users to follow\\n   - Post-test questionnaires\\n   - Observer checklists\\n\\n5. Implement feedback collection tools:\\n   - Recording mechanisms (screen and audio)\\n   - Observation note templates\\n   - Rating scales for specific aspects\\n   - Methods for tracking task success/failure\\n\\n6. Create analysis framework:\\n   - Categorization system for usability issues\\n   - Severity rating scale\\n   - Impact vs. effort prioritization matrix\\n   - Templates for reporting findings\\n\\n7. Establish rapid iteration process:\\n   - Quick turnaround for critical fixes\\n   - Validation of fixes with users\\n   - Documentation of before/after states\\n\\nThis structured UX validation approach will ensure the MVP meets user needs and expectations before proceeding to production deployment. The clear checkpoints and deliverables align with the PRD v3.16 emphasis on targeted UX validation for the MVP.",
      "testStrategy": "",
      "status": "pending",
      "dependencies": [
        19,
        33
      ],
      "priority": "high",
      "subtasks": []
    }
  ]
}