{
	"mcpServers": {
		"taskmaster-ai": {
			"command": "npx",
			"args": ["-y", "--package=task-master-ai", "task-master-ai"],
			"env": {
				"ANTHROPIC_API_KEY": "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"
			}
    },
    "github": {
      "command": "npx",
      "args": [
        "-y",
        "@modelcontextprotocol/server-github"
      ],
      "env": {
        "GITHUB_PERSONAL_ACCESS_TOKEN": "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"
      }
    }
  }
}
